,Q1,Q2,Q3,Q4,Q5
2020-02-03,-0.0659424047815567,-0.052827524555010254,-0.06137582685874967,-0.07246003525308872,-0.07702301967435475
2020-03-02,-0.293477076611485,-0.27737536510645516,-0.2637157484598603,-0.28024630338644985,-0.2954785835595633
2020-04-01,0.237816675113266,0.19653260384777355,0.17525778909108394,0.17428036189718538,0.18473017642687145
2020-05-01,0.15386877929008574,0.12651459237660365,0.0968844421968447,0.0974419727769081,0.09940742616950689
2020-06-01,0.08090808737763329,0.039091640131247926,0.015790041973514513,0.013061708583703594,0.0243019053810199
2020-07-01,0.08442250156683827,0.052039272702555935,0.036172569018623264,0.05248327117773763,0.04802879697539825
2020-08-03,0.019633224115153995,0.03588129727290859,0.038996206367916675,0.03771112232241258,0.0173581070263199
2020-09-01,-0.03237181933768624,-0.025061994421305047,-0.031236731507346377,-0.02369028012162273,-0.013878464591563177
2020-10-01,-0.00999024337031829,0.016936300042276427,0.009371875848688158,-1.001637427658342e-05,-0.00826017192823217
2020-11-02,0.1933759421231992,0.16120273608339422,0.14077732664785245,0.12280813171432309,0.05876640611949893
2020-12-01,-0.0038564298028263056,-0.0007466788907794307,-0.001174412487761856,-0.0012796903960613623,-0.004817775574141494
2021-01-01,0.00013090117440535737,0.00011265955444251461,-0.0003000911595990117,-0.0010302919222640067,-0.000677105151289095
2021-02-01,0.09056715432536162,0.07733615107354165,0.06067503256596415,0.03814367056697779,0.02197876773501338
2021-03-01,-0.012325469505324937,0.0006950975217378981,0.01096181259926606,0.01607506231401936,-0.009222773578314861
2021-04-01,-0.018520356279010018,0.004606776169832444,0.015413949865495205,0.024537278110859942,0.012229433724509183
2021-05-03,0.008656559936703426,0.007272101586527963,0.009004782351116573,0.017633543251151435,0.020334769146979625
2021-06-01,0.01063366675383115,0.013934435805369193,0.005688496676074034,0.0023401593592691037,0.003603561789500437
2021-07-01,-0.057257596659356605,-0.03473185324734312,-0.015359112691051967,-0.014300377488252325,-0.02397452483043249
2021-08-02,0.0066971548303086095,0.01704191289424141,0.015550330983990562,0.016410610967436772,0.01565090148947784
2021-09-01,-0.035504726503072535,-0.021514443129433465,-0.017691757731367684,-0.022939562538402406,-0.015288438525297779
2021-10-01,0.01430079357101368,0.01964485794595544,0.031819498396573526,0.04169054294915538,0.028952054189895358
2021-11-01,-0.0956581339112777,-0.06845766777982469,-0.054908849551668394,-0.047146237289271926,-0.040564357137236724
2021-12-01,-0.010581616053082905,0.012942279039046961,0.04107596795621822,0.038473934869031015,0.038254924424796506
2022-01-03,-0.06465618819151192,-0.09951284547780782,-0.04924657459745071,-0.027623668145062955,-0.028040505040699576
2022-02-01,-0.03394327942952545,-0.03201875575619111,-0.023301576512197632,-0.021933803481549493,-0.02265133509262959
2022-03-01,0.017231157629271104,0.022146699025516203,0.02069388841064156,0.019559400671087655,0.03126919802350802
2022-04-01,-0.11825355869227537,-0.08430910388663951,-0.06007469111868526,-0.05587754806498302,-0.04574820945817983
2022-05-02,-0.06244438882520464,-0.02395673075710008,-0.005308057216185067,-0.0024218337127633323,0.0046107930301098506
2022-06-01,-0.047082426990706416,-0.055975128051341846,-0.04093748544170777,-0.05347691297070737,-0.0474193383593232
2022-07-01,0.043810884337749136,0.056534321832323424,0.043954131494697846,0.05373342758581846,0.03268826699573261
2022-08-01,-0.016867829452396534,-0.020414843767510855,-0.026288148553972098,-0.029455827080069705,-0.016223257575843555
2022-09-01,-0.09505362169753541,-0.06502861458506341,-0.04874405306402502,-0.04437315258493695,-0.0376066735821261
2022-10-03,0.0017673630439680216,0.022430075375721684,0.03611893783649993,0.027769298020357783,0.029010357478505347
2022-11-01,0.016363286048059797,0.030343919276644486,0.0419730162027558,0.03726672052224605,0.01030895999338133
2022-12-01,-0.06819003117980167,-0.04266205157216367,-0.03750025223896045,-0.03496298821305405,-0.03141598529347207
2023-01-03,0.18247432343433748,0.12888926136584317,0.08311610556544789,0.05903588216378019,0.03130353395489464
2023-02-01,-0.06514405183074179,-0.04496926627768868,-0.027289943295120415,-0.022187348432052934,-0.01689618430578348
2023-03-01,-0.04830602290828334,-0.031028590239109862,-0.013203934892956374,-0.010593180753096842,-0.01900612694614486
2023-04-03,-0.022397475471813057,-0.014280620836290718,-0.010910019835638532,-0.0034532536283859395,-0.004093101188212561
2023-05-01,0.004824129170320828,0.002620164509016799,-0.0055233098356055315,-0.00786346115220374,-0.005813146528041906
2023-06-01,0.03708791422923643,0.04579023896642537,0.046150774044520726,0.03206964541062632,0.016177497092269403
2023-07-03,0.02601612936984411,0.0282025041858238,0.019471492600906217,0.0190780742428144,0.010412753075942315
2023-08-01,-0.06268263431494993,-0.034433851778065655,-0.022791308260946615,-0.01360223975592369,-0.00953048597817163
2023-09-01,-0.07464003315688089,-0.06493551037707475,-0.04715981761112107,-0.0400325395888252,-0.030707752633784426
2023-10-02,-0.06506165175058905,-0.042436607563297035,-0.026292036669243,-0.01950818641844097,-0.015937679520437988
2023-11-01,0.07807965377252692,0.08825028302156426,0.07398360487600938,0.05976666390831993,0.04488389791687731
2023-12-01,0.04794516352208436,0.06286615929220964,0.03962597757775061,0.024517456106380012,0.017121108605463967
2024-01-02,-0.03434101576500132,-0.015548271333776561,0.0056958070754360175,0.004499726775486301,0.0020700304073968754
2024-02-01,0.04068678292897803,0.028826621084499553,0.02629475954712861,0.016030013433677125,0.012323910516264596
2024-03-01,-0.005008846702020311,0.01410921553412902,0.012018900901813014,0.01312868530344059,0.007867881085573437
2024-04-01,-0.04027570040897623,-0.03945616598403113,-0.028587646568395617,-0.029031396593364282,-0.01998448877440578
2024-05-01,0.016223446283447854,0.01997364310071946,0.022548621587993832,0.02315171583724113,0.01667796296473716
2024-06-03,-0.04207096339901609,-0.024880410261677605,-0.007439621471706387,-0.004944025755413529,0.0010216088143414645
2024-07-01,0.008899818231287328,0.04053710647363613,0.03288710268961811,0.01962954227888245,0.002651938082143856
2024-08-01,-0.03720807635971045,-0.00537771954546833,0.005509822357001366,0.004391791723956544,-0.00023441733156957662
2024-09-03,0.02063335594929268,0.01874864923802926,0.020890961321150713,0.021015539325012753,0.016645735997068832
2024-10-01,0.006838780655820899,-0.0016943339669281089,-0.005053694195383136,-0.00907260652486133,-0.002911827482924361
2024-11-01,0.02511286824417312,0.0459954244127172,0.05129835773311836,0.03732776269638262,0.03123014473802188
2024-12-02,0.012824739802480339,-0.02379086645099774,-0.03577761770646864,-0.040829461608261466,-0.01845242436689694
2025-01-02,-0.023752605189428903,0.0013890675441972,0.008166804462828258,0.01228967272640532,0.009146912653329849
2025-02-03,-0.0597223634998864,-0.03402745364062239,-0.01855488523622606,-0.021301830985734058,-0.020026251090520652
2025-03-03,-0.04960511555225825,-0.02900379448938377,-0.016898963588817643,-0.01949601286059411,-0.011920114066860664
2025-04-01,-0.0028563988726964546,-0.00111949200556973,-0.010131600272866427,-0.0062262771656699505,-0.008694689692105163
2025-05-01,0.03587453346168105,0.038102491555767976,0.03785989936978519,0.025038049906282042,0.01987231159493325
2025-06-02,0.03314031840158683,0.04022557904171946,0.032527716038174996,0.023510654971523662,0.015456278584929354
2025-07-01,0.012621931764564987,0.0021786307193347853,-0.007822052436989135,-0.004244438412496536,-0.002177323382687249
2025-08-01,0.03332429298955792,0.050588732756682145,0.033167242181796376,0.02539089558548885,0.018465834357387224
2025-09-02,0.05147626806639334,0.025375595596783006,0.025758450026006265,0.017618972814997937,0.013049764997502539
2025-10-01,-0.018322826063195123,-0.0020182664477661834,-0.0006598774346984867,-0.004856570767299749,-0.007071631601896908
2025-11-03,-0.04768944148175926,0.001713687834403899,-0.0017046556294752035,-0.0061897217961818934,-0.00399258635725255
2025-12-01,-0.025281489091962896,0.006830462285892726,0.010322968648297109,0.009885809595007936,0.004106931171080625
2026-01-02,-0.01025182019462244,0.016078136966866087,0.014302525662906716,0.026817607608858346,0.017351960122381
2026-02-02,-0.03223334198655156,-0.00024121766809582623,-0.004262382661659867,0.011071514206414997,0.008366826260536343
2026-03-02,-0.04778140023464911,-0.026363102543566382,-0.037704512036692533,-0.03511594559934242,-0.023438771127476117
2026-04-01,0.04659445134354856,0.042298064319087794,0.06769158839488545,0.051883204876648666,0.03992763465133675
2026-05-01,0.016384425836983584,0.01640393542504205,0.02917200870600636,0.017895857571629013,0.01014874567947809
2026-06-01,-0.05637435037103283,0.0026214099333512516,0.011009089920307254,0.0066183169805551275,-0.0017932801299311454
2026-07-01,-0.05909743761049246,-0.008319862920156223,0.006810023695919656,-0.0003755567313099467,-0.0034131332384590087
2026-08-03,0.006280545164532318,0.0071047999778792665,0.0004086395490692324,-0.004442363027458267,-0.00161742732623905
2026-09-01,-0.02260919452878309,-0.012601119107888626,-0.015010877291444088,-0.011640352514970408,-0.01090765260206599
