,Q5
2020-02-03,-0.0740874726241709
2020-03-02,-0.27088406999917714
2020-04-01,0.18039859629822994
2020-05-01,0.10892528954463028
2020-06-01,0.03609457552718227
2020-07-01,0.06291139505024287
2020-08-03,0.04392308457935328
2020-09-01,-0.038547155636193396
2020-10-01,-0.0032717851127773688
2020-11-02,0.16555745949633033
2020-12-01,0.0005275361856705435
2021-01-01,-0.00031626249385548097
2021-02-01,0.02392513997698064
2021-03-01,-0.026472564929718945
2021-04-01,0.002319230395712692
2021-05-03,0.015438513426931344
2021-06-01,0.014535633446914048
2021-07-01,-0.04046795034238708
2021-08-02,0.01766945542612746
2021-09-01,-0.013084182459867831
2021-10-01,0.03668053288161764
2021-11-01,-0.06757872746259273
2021-12-01,0.038904195457309484
2022-01-03,-0.02826006372673298
2022-02-01,-0.020256756696160026
2022-03-01,0.03283635248390494
2022-04-01,-0.0442718009180643
2022-05-02,-0.0029183109105781766
2022-06-01,-0.04634803334291675
2022-07-01,0.028224095678370083
2022-08-01,-0.011208490817411113
2022-09-01,-0.03616006378033808
2022-10-03,0.023742748088156
2022-11-01,0.005278973563502288
2022-12-01,-0.03430214818914196
2023-01-03,0.020269125058928614
2023-02-01,-0.01298142933006339
2023-03-01,-0.02156955427759624
2023-04-03,-0.0016486259287094346
2023-05-01,-0.0032704245443606014
2023-06-01,0.008749998377161039
2023-07-03,0.008206535861046159
2023-08-01,-0.009959946057107358
2023-09-01,-0.026017139633994785
2023-10-02,-0.018283343597823652
2023-11-01,0.03198618180123379
2023-12-01,0.01794727532375539
2024-01-02,0.008619673094931292
2024-02-01,0.02069772157053648
2024-03-01,0.0032418466821736067
2024-04-01,-0.017411172877286673
2024-05-01,0.013028783099357158
2024-06-03,-0.006827884550536191
2024-07-01,0.001655652219929898
2024-08-01,-0.0029054499640314025
2024-09-03,0.011354846965638531
2024-10-01,0.000936162403887513
2024-11-01,0.026615799699270123
2024-12-02,-0.012896344086491082
2025-01-02,0.004207002332427012
2025-02-03,-0.027028733106537008
2025-03-03,-0.012407547788622606
2025-04-01,-0.004555101999489826
2025-05-01,0.019698447643726576
2025-06-02,0.009646063088667995
2025-07-01,0.0010602516507151856
2025-08-01,0.017125470848221715
2025-09-02,0.02142887329904305
2025-10-01,-0.00714866122513775
2025-11-03,-0.009423822270601453
2025-12-01,0.00028388527848695994
2026-01-02,0.01551056673434999
2026-02-02,0.011215390703995316
2026-03-02,-0.02310877303477502
2026-04-01,0.027422481052196378
2026-05-01,0.0020356978933219537
2026-06-01,0.0009563464352175396
2026-07-01,-0.009747378915708283
2026-08-03,3.932823058907724e-05
2026-09-01,-0.009769700623803166
