,Q5_capweight
2020-02-03,-0.07191630182694667
2020-03-02,-0.27986450887136555
2020-04-01,0.14708753702073646
2020-05-01,0.09394299750554827
2020-06-01,0.0009522552925294191
2020-07-01,0.04512929971861453
2020-08-03,0.04309963836934917
2020-09-01,-0.03278410835533656
2020-10-01,-0.007858531727791834
2020-11-02,0.09734168882317727
2020-12-01,-0.00015147234601563535
2021-01-01,-7.513259651433944e-05
2021-02-01,0.02981069528479032
2021-03-01,-0.006661848605781589
2021-04-01,0.025824986390682574
2021-05-03,0.025741728598932426
2021-06-01,0.008387009174804873
2021-07-01,0.005525037722372681
2021-08-02,0.034061634808223204
2021-09-01,-0.031476866121033335
2021-10-01,0.05789555875999445
2021-11-01,-0.04445085575508686
2021-12-01,0.03941295312634919
2022-01-03,-0.061928287336503386
2022-02-01,-0.056028859927710964
2022-03-01,0.05827988432342755
2022-04-01,-0.08242574149309478
2022-05-02,-0.017842855576661744
2022-06-01,-0.044814887515911776
2022-07-01,0.027198472638580946
2022-08-01,-0.021453213718841894
2022-09-01,-0.04129445710438043
2022-10-03,0.07498770278500638
2022-11-01,0.046473555392493954
2022-12-01,-0.038743146761356255
2023-01-03,0.022321587438745995
2023-02-01,-0.03082212023327522
2023-03-01,0.010145293449853293
2023-04-03,0.01442488497624289
2023-05-01,-0.002186083931155283
2023-06-01,0.054141874884532835
2023-07-03,0.021316059419065753
2023-08-01,-0.0040667377821935495
2023-09-01,-0.04399845466494313
2023-10-02,-0.016550272207428825
2023-11-01,0.07828508421869071
2023-12-01,0.014420194752674073
2024-01-02,0.05432186639139321
2024-02-01,0.06583783459793878
2024-03-01,0.029631424924222678
2024-04-01,-0.04813581131382781
2024-05-01,0.0917845203792611
2024-06-03,0.014282386431019197
2024-07-01,-0.02459518493784309
2024-08-01,0.011175924504609653
2024-09-03,0.04066002446832087
2024-10-01,0.03514557846388091
2024-11-01,0.06544487866726624
2024-12-02,-0.016818040829261378
2025-01-02,0.024831414106218867
2025-02-03,-0.03936999672624248
2025-03-03,-0.045557825508222204
2025-04-01,-0.015789153207302602
2025-05-01,0.05762979866452995
2025-06-02,0.014708417903222646
2025-07-01,-0.005358722978143943
2025-08-01,0.024922821658649175
2025-09-02,0.05657338953378638
2025-10-01,0.0223318587142305
2025-11-03,0.011010300004971135
2025-12-01,0.020864441057240633
2026-01-02,0.031048907065061228
2026-02-02,-0.014406870083265827
2026-03-02,-0.044090086028054476
2026-04-01,0.13612060205484694
2026-05-01,0.025282973526497367
2026-06-01,0.012905910978651155
2026-07-01,0.025300372280117688
2026-08-03,-0.025096217457686667
2026-09-01,0.038495601814591
