,0
2020-02-03,0.0060974326282164934
2020-03-02,0.07861508695402572
2020-04-01,-0.04708937450316499
2020-05-01,-0.046291596974129504
2020-06-01,-0.023713387084396235
2020-07-01,-0.03178027744155982
2020-08-03,-0.009926855457110428
2020-09-01,-0.014872029624193804
2020-10-01,-0.01300170164955385
2020-11-02,-0.06281440706112043
2020-12-01,-0.00032017543859649123
2021-01-01,-3.9473684210526316e-05
2021-02-01,-0.07650575032893404
2021-03-01,-0.02801867096995535
2021-04-01,-0.005517369426355077
2021-05-03,0.0020064679315913887
2021-06-01,-0.00933123035698645
2021-07-01,0.03680002401922866
2021-08-02,-0.01264346269051287
2021-09-01,-0.018975588447718187
2021-10-01,0.0158384532064046
2021-11-01,0.07358660124356804
2021-12-01,-0.010215989946990694
2022-01-03,0.020014064148680007
2022-02-01,0.008448950380678638
2022-03-01,0.02051144616114964
2022-04-01,0.06643420725463473
2022-05-02,0.06780299944499266
2022-06-01,0.011855737944186137
2022-07-01,-0.035112826554272294
2022-08-01,0.0033887838254188594
2022-09-01,0.046713494272277396
2022-10-03,0.036472695321649304
2022-11-01,-0.01728589333497073
2022-12-01,0.04776138495152894
2023-01-03,-0.16621917633263308
2023-02-01,0.030171177892868134
2023-03-01,0.025843855342109878
2023-04-03,0.04030132628329605
2023-05-01,-0.04274722564117933
2023-06-01,-0.038560754534404634
2023-07-03,-0.04584222269734353
2023-08-01,0.05484919109782811
2023-09-01,0.052640546093929014
2023-10-02,0.05444933386015482
2023-11-01,-0.08104886858404142
2023-12-01,-0.0483748886291724
2024-01-02,0.08390073251854194
2024-02-01,0.029704470570970743
2024-03-01,0.013174418917929715
2024-04-01,0.016508175989305277
2024-05-01,0.0026964615595833257
2024-06-03,0.047825523761809874
2024-07-01,-0.0158644001367983
2024-08-01,0.04237058662663577
2024-09-03,-0.02484102870283058
2024-10-01,0.001262906514316579
2024-11-01,-0.007677766251239006
2024-12-02,0.012195208028404209
2025-01-02,0.02916650299265324
2025-02-03,0.045399867962976764
2025-03-03,0.0265276451494895
2025-04-01,0.00658312100454491
2025-05-01,-0.011230158702255693
2025-06-02,-0.054916483069732534
2025-07-01,0.004955818198574907
2025-08-01,-0.033337953193070376
2025-09-02,-0.0041785054250434595
2025-10-01,0.019836706859090156
2025-11-03,0.030066552985291106
2025-12-01,0.012284348405506277
2026-01-02,0.044778827420202706
2026-02-02,0.03990187069993472
2026-03-02,0.0028327547860656963
2026-04-01,-0.042339395764824275
2026-05-01,-0.03375879742341485
2026-06-01,0.05213435746909238
2026-07-01,0.019900855011632898
2026-08-03,0.004888016864312577
2026-09-01,0.02300553787335712
