,benchmark_ew
2020-02-03,-0.06379358111611451
2020-03-02,-0.2790387744079038
2020-04-01,0.17412025204242537
2020-05-01,0.11795238286561198
2020-06-01,0.012571724115673946
2020-07-01,0.05966485868819382
2020-08-03,0.0460470219660241
2020-09-01,-0.027186614370133658
2020-10-01,0.010321331176672874
2020-11-02,0.154567207762263
2020-12-01,-1.0
2021-01-01,0.0
2021-02-01,0.0630092354215266
2021-03-01,0.029986541527207176
2021-04-01,0.036374728342209436
2021-05-03,0.017330320039867217
2021-06-01,0.004898106021962098
2021-07-01,-0.009176007500248233
2021-08-02,0.025409473367778726
2021-09-01,-0.03183200734009371
2021-10-01,0.049888442819609795
2021-11-01,-0.06562938525748606
2021-12-01,0.061971579741942576
2022-01-03,-0.04758696812554332
2022-02-01,-0.03698374803988683
2022-03-01,0.044068610689404784
2022-04-01,-0.08452718636142773
2022-05-02,-0.012565371513985837
2022-06-01,-0.07568094288181718
2022-07-01,0.07126305472239744
2022-08-01,-0.03589591020486651
2022-09-01,-0.07100129279620294
2022-10-03,0.058213761670781565
2022-11-01,0.07208011526061096
2022-12-01,-0.0546290600693573
2023-01-03,0.11486043205157088
2023-02-01,-0.049255944961738775
2023-03-01,-0.007318028108511529
2023-04-03,-0.00555165559181836
2023-05-01,-0.01794713149465505
2023-06-01,0.0748888436185333
2023-07-03,0.03482069203992849
2023-08-01,-0.026178120687892954
2023-09-01,-0.06783840577150295
2023-10-02,-0.03239589472987628
2023-11-01,0.11493828246034936
2023-12-01,0.050878806859223635
2024-01-02,-0.0008280884388787617
2024-02-01,0.0383610630905214
2024-03-01,0.030041669972440586
2024-04-01,-0.0446582983577389
2024-05-01,0.026052479520038068
2024-06-03,-0.011419813979513685
2024-07-01,0.03680565569691707
2024-08-01,0.016716991118559222
2024-09-03,0.04233391829699215
2024-10-01,-0.01017866315962836
2024-11-01,0.06268582255912326
2024-12-02,-0.05969147930772707
2025-01-02,0.03760257884802435
2025-02-03,-0.019472219555692512
2025-03-03,-0.019910607726746982
2025-04-01,-0.01650166158121074
2025-05-01,0.05413590170963039
2025-06-02,0.04775603256319927
2025-07-01,-0.011296076031357401
2025-08-01,0.040235147237608716
2025-09-02,0.018742641541258473
2025-10-01,-0.011115870724700862
2025-11-03,0.012029000510802123
2025-12-01,0.0158829611240195
2026-01-02,0.021783812441591194
2026-02-02,0.0171300914490232
2026-03-02,-0.052384224911269275
2026-04-01,0.06321217303907868
2026-05-01,0.024141830211351616
2026-06-01,0.010923510209617928
2026-07-01,0.015824814076444742
2026-08-03,-0.005727275923665865
