sleeve,horizon_d,ic_mean,ic_tstat,ic_hit,n
value,21,0.031219184054598944,2.971537455496243,0.6075949367088608,79
value,63,0.04550437043499384,3.9078075859710024,0.6883116883116883,77
value,126,0.07114330954163824,5.989840692931185,0.7972972972972973,74
value,252,0.10249738973121068,9.166241138855018,0.9117647058823529,68
quality,21,0.04429972651967578,5.043862738245917,0.7215189873417721,79
quality,63,0.05190649833960774,5.554361638512493,0.7792207792207793,77
quality,126,0.05726103770743533,5.697731708955361,0.7972972972972973,74
quality,252,0.06241282330205033,6.332214588592262,0.7794117647058824,68
growth,21,-0.0007204486126559527,-0.12670847309339525,0.4810126582278481,79
growth,63,-0.001443018845007637,-0.23028258015943712,0.6363636363636364,77
growth,126,-0.002963378271843452,-0.38487307706937324,0.6351351351351351,74
growth,252,-0.0060703988217079615,-0.7327539001680892,0.5882352941176471,68
yield,21,0.05325431096258588,5.216981072331722,0.7341772151898734,79
yield,63,0.06978842894570154,6.613625856884195,0.7922077922077922,77
yield,126,0.08823014845818522,8.77305358380297,0.8243243243243243,74
yield,252,0.108217664240326,9.465546586822283,0.9117647058823529,68
momentum,21,0.05252356214977239,3.36802543081858,0.6567164179104478,67
momentum,63,0.08271825353001368,5.9459846912372525,0.8461538461538461,65
momentum,126,0.10847811810131319,9.135453625653623,0.8709677419354839,62
momentum,252,0.1030137739506743,7.999193305267011,0.8214285714285714,56
lowvol,21,-0.02285201200622335,-0.841113652544548,0.43283582089552236,67
lowvol,63,-0.035556464279103646,-1.5315900940196852,0.46153846153846156,65
lowvol,126,-0.051184660150065404,-2.6502797898306354,0.3548387096774194,62
lowvol,252,-0.0664543045607455,-3.484444784377958,0.2857142857142857,56
size,21,0.059737510160868076,5.441346008833499,0.7341772151898734,79
size,63,0.08482831055386728,7.183815196274366,0.8311688311688312,77
size,126,0.10266967683842439,8.914201626106106,0.8513513513513513,74
size,252,0.1224899632908339,10.010457210889681,0.8676470588235294,68
